,num_timesteps,num_attackers,num_defenders,num_clusters,dims,defense_time_threshold,force_return,num_defender_actions,nash_value,nash_support,nash_runtime,mip_value,mip_support,mip_runtime
0,8,1,2,10,10,2,True,361,-0.27729882609690903,6,0.06145787239074707,-0.5226130653266332,1,0.09237241744995117
1,8,1,2,10,10,2,True,361,-0.27729882609690903,6,0.06145787239074707,-0.3366140189826578,2,0.24329137802124023
2,8,1,2,10,10,2,True,361,-0.27729882609690903,6,0.06145787239074707,-0.28245611317941893,3,0.13461565971374512
3,8,1,2,10,10,2,True,361,-0.27729882609690903,6,0.06145787239074707,-0.28007355003955064,4,0.3160886764526367
4,8,1,2,10,10,2,True,361,-0.27729882609690903,6,0.06145787239074707,-0.2772988260969091,5,0.07416820526123047
