,num_timesteps,num_attackers,num_defenders,num_clusters,dims,defense_time_threshold,force_return,num_defender_actions,nash_value,nash_support,nash_runtime,mip_value,mip_support,mip_runtime
0,10,1,2,10,7,2,True,2401,-0.2892405920467004,8,0.2867608070373535,-0.4755244736946514,1,0.5499131679534912
1,10,1,2,10,7,2,True,2401,-0.2892405920467004,8,0.2867608070373535,-0.36144987069523626,2,0.582956075668335
2,10,1,2,10,7,2,True,2401,-0.2892405920467004,8,0.2867608070373535,-0.32225062576166796,3,1.7658820152282715
3,10,1,2,10,7,2,True,2401,-0.2892405920467004,8,0.2867608070373535,-0.3039164393667656,4,1.7085793018341064
4,10,1,2,10,7,2,True,2401,-0.2892405920467004,8,0.2867608070373535,-0.2954322207464402,5,1.8729972839355469
5,10,1,2,10,7,2,True,2401,-0.2892405920467004,8,0.2867608070373535,-0.28959643550940306,6,1.427549123764038
6,10,1,2,10,7,2,True,2401,-0.2892405920467004,8,0.2867608070373535,-0.2892405920467003,7,0.29776930809020996
