,num_timesteps,num_attackers,num_defenders,num_clusters,dims,defense_time_threshold,force_return,num_defender_actions,nash_value,nash_support,nash_runtime,mip_value,mip_support,mip_runtime
0,9,1,1,10,7,1,False,41479,-0.32232303341713453,8,4.064472675323486,-0.7272727271,1,16.50993323326111
1,9,1,1,10,7,1,False,41479,-0.32232303341713453,8,4.064472675323486,-0.41601772583126534,2,206.0364978313446
2,9,1,1,10,7,1,False,41479,-0.32232303341713453,8,4.064472675323486,-0.3671328143367632,3,235.48542141914368
3,9,1,1,10,7,1,False,41479,-0.32232303341713453,8,4.064472675323486,-0.3391608187873172,4,28.91105890274048
4,9,1,1,10,7,1,False,41479,-0.32232303341713453,8,4.064472675323486,-0.328187365472519,5,117.26184487342834
5,9,1,1,10,7,1,False,41479,-0.32232303341713453,8,4.064472675323486,-0.3238241838591864,6,125.43130922317505
6,9,1,1,10,7,1,False,41479,-0.32232303341713453,8,4.064472675323486,-0.32232303341713453,7,7.428220987319946
