,num_timesteps,num_attackers,num_defenders,num_clusters,dims,defense_time_threshold,force_return,num_defender_actions,nash_value,nash_support,nash_runtime,mip_value,mip_support,mip_runtime
0,9,2,1,10,7,1,False,41479,-0.46323812842864565,8,18.28783917427063,-0.8894472361809045,1,33.65205478668213
1,9,2,1,10,7,1,False,41479,-0.46323812842864565,8,18.28783917427063,-0.5970202788449397,2,362.6201231479645
2,9,2,1,10,7,1,False,41479,-0.46323812842864565,8,18.28783917427063,-0.5075376884422111,3,62.38318920135498
3,9,2,1,10,7,1,False,41479,-0.46323812842864565,8,18.28783917427063,-0.4782634344465709,4,117.29999780654907
4,9,2,1,10,7,1,False,41479,-0.46323812842864565,8,18.28783917427063,-0.4716662632569949,5,127.92389488220215
5,9,2,1,10,7,1,False,41479,-0.46323812842864565,8,18.28783917427063,-0.4653956597949693,6,141.43978476524353
6,9,2,1,10,7,1,False,41479,-0.46323812842864565,8,18.28783917427063,-0.46323812842864576,7,20.655978202819824
